{
  "__type__": "cc.SpriteFrame",
  "content": {
    "name": "battle",
    "atlas": "",
    "rect": {
      "x": 47,
      "y": 4,
      "width": 313,
      "height": 386
    },
    "offset": {
      "x": 8.5,
      "y": -2
    },
    "originalSize": {
      "width": 390,
      "height": 390
    },
    "rotated": false,
    "capInsets": [
      0,
      0,
      0,
      0
    ],
    "vertices": {
      "rawPosition": [
        -156.5,
        -193,
        0,
        156.5,
        -193,
        0,
        -156.5,
        193,
        0,
        156.5,
        193,
        0
      ],
      "indexes": [
        0,
        1,
        2,
        2,
        1,
        3
      ],
      "uv": [
        47,
        386,
        360,
        386,
        47,
        0,
        360,
        0
      ],
      "nuv": [
        0.12051282051282051,
        0,
        0.9230769230769231,
        0,
        0.12051282051282051,
        0.9897435897435898,
        0.9230769230769231,
        0.9897435897435898
      ],
      "minPos": {
        "x": -156.5,
        "y": -193,
        "z": 0
      },
      "maxPos": {
        "x": 156.5,
        "y": 193,
        "z": 0
      }
    },
    "texture": "c0e22c96-5877-4861-bab9-3d752cd10a11@6c48a",
    "packable": true,
    "pixelsToUnit": 100,
    "pivot": {
      "x": 0.5,
      "y": 0.5
    },
    "meshType": 0
  }
}