{
  "__type__": "cc.SpriteFrame",
  "content": {
    "name": "cow",
    "atlas": "",
    "rect": {
      "x": 15,
      "y": 42,
      "width": 362,
      "height": 574
    },
    "offset": {
      "x": -6.5,
      "y": -21
    },
    "originalSize": {
      "width": 405,
      "height": 616
    },
    "rotated": false,
    "capInsets": [
      0,
      0,
      0,
      0
    ],
    "vertices": {
      "rawPosition": [
        -181,
        -287,
        0,
        181,
        -287,
        0,
        -181,
        287,
        0,
        181,
        287,
        0
      ],
      "indexes": [
        0,
        1,
        2,
        2,
        1,
        3
      ],
      "uv": [
        15,
        574,
        377,
        574,
        15,
        0,
        377,
        0
      ],
      "nuv": [
        0.037037037037037035,
        0,
        0.9308641975308642,
        0,
        0.037037037037037035,
        0.9318181818181818,
        0.9308641975308642,
        0.9318181818181818
      ],
      "minPos": {
        "x": -181,
        "y": -287,
        "z": 0
      },
      "maxPos": {
        "x": 181,
        "y": 287,
        "z": 0
      }
    },
    "texture": "93527823-e9a5-4993-bd26-7b33e27bb7b3@6c48a",
    "packable": true,
    "pixelsToUnit": 100,
    "pivot": {
      "x": 0.5,
      "y": 0.5
    },
    "meshType": 0
  }
}